what,kind,bundleId,bundleVersion,description,time
activated,perspective,org.eclipse.jst.j2ee.ui,,"org.eclipse.jst.j2ee.J2EEPerspective",1292354916976
started,bundle,org.eclipse.osgi,3.5.2.R35x_v20100126,"org.eclipse.osgi",1292354916976
started,bundle,org.eclipse.equinox.simpleconfigurator,1.0.101.R35x_v20090807-1100,"org.eclipse.equinox.simpleconfigurator",1292354916977
started,bundle,com.cdesg.uihelper,2.1.0.8392R,"com.cdesg.uihelper",1292354916977
started,bundle,com.collabnet.ee.tracker.core,2.0.5,"com.collabnet.ee.tracker.core",1292354916977
started,bundle,com.collabnet.ee.tracker.ui,2.0.4,"com.collabnet.ee.tracker.ui",1292354916977
started,bundle,com.collabnet.issuezilla.mylyn.core,2.0.5,"com.collabnet.issuezilla.mylyn.core",1292354916977
started,bundle,com.collabnet.issuezilla.mylyn.ui,2.0.5,"com.collabnet.issuezilla.mylyn.ui",1292354916977
started,bundle,com.collabnet.subversion,2.0.5,"com.collabnet.subversion",1292354916977
started,bundle,com.collabnet.subversion.merge,2.0.1,"com.collabnet.subversion.merge",1292354916977
started,bundle,com.collabnet.tracker.mylyn.core,1.10.0,"com.collabnet.tracker.mylyn.core",1292354916977
started,bundle,com.collabnet.tracker.mylyn.ui,1.10.1,"com.collabnet.tracker.mylyn.ui",1292354916977
started,bundle,com.google.appengine.eclipse.core,1.3.2.v201003242055,"com.google.appengine.eclipse.core",1292354916977
started,bundle,com.google.appengine.eclipse.sdkbundle.1.3.2,1.3.2.v201003242055,"com.google.appengine.eclipse.sdkbundle.1.3.2",1292354916977
started,bundle,com.google.gdt.eclipse.core,1.3.2.v201003242055,"com.google.gdt.eclipse.core",1292354916977
started,bundle,com.google.gdt.eclipse.platform.e35,1.3.2.v201003242055,"com.google.gdt.eclipse.platform.e35",1292354916977
started,bundle,com.google.gdt.eclipse.platform.shared,1.3.2.v201003242055,"com.google.gdt.eclipse.platform.shared",1292354916977
started,bundle,com.google.gdt.eclipse.suite,1.3.2.v201003242055,"com.google.gdt.eclipse.suite",1292354916977
started,bundle,com.google.gwt.eclipse.core,1.3.2.v201003242055,"com.google.gwt.eclipse.core",1292354916977
started,bundle,com.google.gwt.eclipse.sdkbundle.2.0.3,2.0.3.v201002191036,"com.google.gwt.eclipse.sdkbundle.2.0.3",1292354916977
started,bundle,com.ibm.icu,4.0.1.v20090822,"com.ibm.icu",1292354916977
started,bundle,com.teamprise.teamplugin,3.1.0.8392R,"com.teamprise.teamplugin",1292354916977
started,bundle,com.teamprise.ui.explorer,3.1.0.8392R,"com.teamprise.ui.explorer",1292354916977
started,bundle,org.eclipse.compare,3.5.2.r35x_20100113-0800,"org.eclipse.compare",1292354916977
started,bundle,org.eclipse.core.contenttype,3.4.1.R35x_v20090826-0451,"org.eclipse.core.contenttype",1292354916978
started,bundle,org.eclipse.core.databinding.observable,1.2.0.M20090902-0800,"org.eclipse.core.databinding.observable",1292354916978
started,bundle,org.eclipse.core.expressions,3.4.101.R35x_v20100209,"org.eclipse.core.expressions",1292354916978
started,bundle,org.eclipse.core.filebuffers,3.5.0.v20090526-2000,"org.eclipse.core.filebuffers",1292354916978
started,bundle,org.eclipse.core.filesystem,1.2.1.R35x_v20091203-1235,"org.eclipse.core.filesystem",1292354916978
started,bundle,org.eclipse.core.jobs,3.4.100.v20090429-1800,"org.eclipse.core.jobs",1292354916978
started,bundle,org.eclipse.core.net,1.2.1.r35x_20090812-1200,"org.eclipse.core.net",1292354916978
started,bundle,org.eclipse.core.resources,3.5.2.R35x_v20091203-1235,"org.eclipse.core.resources",1292354916978
started,bundle,org.eclipse.core.runtime,3.5.0.v20090525,"org.eclipse.core.runtime",1292354916978
started,bundle,org.eclipse.core.runtime.compatibility,3.2.0.v20090413,"org.eclipse.core.runtime.compatibility",1292354916978
started,bundle,org.eclipse.core.runtime.compatibility.auth,3.2.100.v20090413,"org.eclipse.core.runtime.compatibility.auth",1292354916979
started,bundle,org.eclipse.debug.core,3.5.1.v20091103_r352,"org.eclipse.debug.core",1292354916979
started,bundle,org.eclipse.ecf.filetransfer,3.0.0.v20090831-1906,"org.eclipse.ecf.filetransfer",1292354916979
started,bundle,org.eclipse.emf.common,2.5.0.v200906151043,"org.eclipse.emf.common",1292354916979
started,bundle,org.eclipse.emf.common.ui,2.5.0.v200906151043,"org.eclipse.emf.common.ui",1292354916979
started,bundle,org.eclipse.emf.ecore,2.5.0.v200906151043,"org.eclipse.emf.ecore",1292354916979
started,bundle,org.eclipse.emf.ecore.xmi,2.5.0.v200906151043,"org.eclipse.emf.ecore.xmi",1292354916979
started,bundle,org.eclipse.emf.edit,2.5.0.v200906151043,"org.eclipse.emf.edit",1292354916979
started,bundle,org.eclipse.emf.edit.ui,2.5.0.v200906151043,"org.eclipse.emf.edit.ui",1292354916979
started,bundle,org.eclipse.epp.usagedata.gathering,1.1.1.R201001291118,"org.eclipse.epp.usagedata.gathering",1292354916979
started,bundle,org.eclipse.epp.usagedata.recording,1.1.1.R201001291118,"org.eclipse.epp.usagedata.recording",1292354916979
started,bundle,org.eclipse.equinox.app,1.2.1.R35x_v20091203,"org.eclipse.equinox.app",1292354916979
started,bundle,org.eclipse.equinox.common,3.5.1.R35x_v20090807-1100,"org.eclipse.equinox.common",1292354916979
started,bundle,org.eclipse.equinox.ds,1.1.1.R35x_v20090806,"org.eclipse.equinox.ds",1292354916979
started,bundle,org.eclipse.equinox.frameworkadmin,1.0.100.v20090520-1905,"org.eclipse.equinox.frameworkadmin",1292354916979
started,bundle,org.eclipse.equinox.frameworkadmin.equinox,1.0.101.R35x_v20091214,"org.eclipse.equinox.frameworkadmin.equinox",1292354916980
started,bundle,org.eclipse.equinox.p2.artifact.repository,1.0.101.R35x_v20090721,"org.eclipse.equinox.p2.artifact.repository",1292354916980
started,bundle,org.eclipse.equinox.p2.core,1.0.101.R35x_v20090819,"org.eclipse.equinox.p2.core",1292354916980
started,bundle,org.eclipse.equinox.p2.director,1.0.101.R35x_v20100112,"org.eclipse.equinox.p2.director",1292354916980
started,bundle,org.eclipse.equinox.p2.directorywatcher,1.0.100.v20090525,"org.eclipse.equinox.p2.directorywatcher",1292354916980
started,bundle,org.eclipse.equinox.p2.engine,1.0.102.R35x_v20091117,"org.eclipse.equinox.p2.engine",1292354916980
started,bundle,org.eclipse.equinox.p2.exemplarysetup,1.0.100.v20090520-1905,"org.eclipse.equinox.p2.exemplarysetup",1292354916981
started,bundle,org.eclipse.equinox.p2.extensionlocation,1.0.100.v20090520-1905,"org.eclipse.equinox.p2.extensionlocation",1292354916981
started,bundle,org.eclipse.equinox.p2.garbagecollector,1.0.100.v20090520-1905,"org.eclipse.equinox.p2.garbagecollector",1292354916981
started,bundle,org.eclipse.equinox.p2.metadata,1.0.101.R35x_v20100112,"org.eclipse.equinox.p2.metadata",1292354916981
started,bundle,org.eclipse.equinox.p2.metadata.repository,1.0.101.R35x_v20090812,"org.eclipse.equinox.p2.metadata.repository",1292354916981
started,bundle,org.eclipse.equinox.p2.publisher,1.0.1.R35x_20100105,"org.eclipse.equinox.p2.publisher",1292354916981
started,bundle,org.eclipse.equinox.p2.reconciler.dropins,1.0.100.v20090520-1905,"org.eclipse.equinox.p2.reconciler.dropins",1292354916981
started,bundle,org.eclipse.equinox.p2.repository,1.0.1.R35x_v20100105,"org.eclipse.equinox.p2.repository",1292354916981
started,bundle,org.eclipse.equinox.p2.touchpoint.eclipse,1.0.101.R35x_20090820-1821,"org.eclipse.equinox.p2.touchpoint.eclipse",1292354916981
started,bundle,org.eclipse.equinox.p2.ui.sdk.scheduler,1.0.0.v20090520-1905,"org.eclipse.equinox.p2.ui.sdk.scheduler",1292354916981
started,bundle,org.eclipse.equinox.p2.updatechecker,1.1.0.v20090520-1905,"org.eclipse.equinox.p2.updatechecker",1292354916981
started,bundle,org.eclipse.equinox.p2.updatesite,1.0.101.R35x_20100105,"org.eclipse.equinox.p2.updatesite",1292354916981
started,bundle,org.eclipse.equinox.preferences,3.2.301.R35x_v20091117,"org.eclipse.equinox.preferences",1292354916981
started,bundle,org.eclipse.equinox.registry,3.4.100.v20090520-1800,"org.eclipse.equinox.registry",1292354916982
started,bundle,org.eclipse.equinox.security,1.0.100.v20090520-1800,"org.eclipse.equinox.security",1292354916982
started,bundle,org.eclipse.equinox.security.ui,1.0.100.v20090520-1800,"org.eclipse.equinox.security.ui",1292354916982
started,bundle,org.eclipse.equinox.simpleconfigurator.manipulator,1.0.101.R35x_v20100209,"org.eclipse.equinox.simpleconfigurator.manipulator",1292354916982
started,bundle,org.eclipse.equinox.util,1.0.100.v20090520-1800,"org.eclipse.equinox.util",1292354916982
started,bundle,org.eclipse.help,3.4.1.v20090805_35x,"org.eclipse.help",1292354916982
started,bundle,org.eclipse.jdt.core,3.5.2.v_981_R35x,"org.eclipse.jdt.core",1292354916982
started,bundle,org.eclipse.jdt.core.manipulation,1.3.0.v20090603,"org.eclipse.jdt.core.manipulation",1292354916982
started,bundle,org.eclipse.jdt.launching,3.5.1.v20100108_r352,"org.eclipse.jdt.launching",1292354916982
started,bundle,org.eclipse.jdt.ui,3.5.2.r352_v20100106-0800,"org.eclipse.jdt.ui",1292354916982
started,bundle,org.eclipse.jem,2.0.301.v201001252130,"org.eclipse.jem",1292354916982
started,bundle,org.eclipse.jem.util,2.0.201.v201001252130,"org.eclipse.jem.util",1292354916982
started,bundle,org.eclipse.jface,3.5.2.M20100120-0800,"org.eclipse.jface",1292354916982
started,bundle,org.eclipse.jpt.core,2.2.1.v200908270220,"org.eclipse.jpt.core",1292354916982
started,bundle,org.eclipse.jpt.eclipselink.core,1.2.0.v200905310000,"org.eclipse.jpt.eclipselink.core",1292354916982
started,bundle,org.eclipse.jsch.core,1.1.100.I20090430-0408,"org.eclipse.jsch.core",1292354916982
started,bundle,org.eclipse.jst.common.project.facet.core,1.4.1.v200911141836,"org.eclipse.jst.common.project.facet.core",1292354916982
started,bundle,org.eclipse.jst.j2ee,1.1.301.v201001272230,"org.eclipse.jst.j2ee",1292354916982
started,bundle,org.eclipse.jst.j2ee.core,1.1.301.v200911302230,"org.eclipse.jst.j2ee.core",1292354916982
started,bundle,org.eclipse.jst.j2ee.ui,1.1.301.v201001252130,"org.eclipse.jst.j2ee.ui",1292354916982
started,bundle,org.eclipse.jst.j2ee.webservice,1.1.300.v200901220600,"org.eclipse.jst.j2ee.webservice",1292354916982
started,bundle,org.eclipse.jst.j2ee.webservice.ui,1.1.300.v200902052230,"org.eclipse.jst.j2ee.webservice.ui",1292354916982
started,bundle,org.eclipse.jst.jee,1.0.201.v201002021055,"org.eclipse.jst.jee",1292354916982
started,bundle,org.eclipse.jst.jsf.common,1.1.9.v201001271707,"org.eclipse.jst.jsf.common",1292354916982
started,bundle,org.eclipse.jst.jsf.core,1.2.5.v201001271707,"org.eclipse.jst.jsf.core",1292354916982
started,bundle,org.eclipse.mylyn.bugzilla.core,3.3.2.v20100222-0100-e3x,"org.eclipse.mylyn.bugzilla.core",1292354916982
started,bundle,org.eclipse.mylyn.bugzilla.ui,3.3.2.v20100222-0100-e3x,"org.eclipse.mylyn.bugzilla.ui",1292354916982
started,bundle,org.eclipse.mylyn.commons.net,3.3.0.v20091013-0200-e3x,"org.eclipse.mylyn.commons.net",1292354916983
started,bundle,org.eclipse.mylyn.commons.ui,3.3.2.v20100222-0100-e3x,"org.eclipse.mylyn.commons.ui",1292354916983
started,bundle,org.eclipse.mylyn.context.core,3.3.2.v20100222-0100-e3x,"org.eclipse.mylyn.context.core",1292354916983
started,bundle,org.eclipse.mylyn.context.ui,3.3.2.v20100222-0100-e3x,"org.eclipse.mylyn.context.ui",1292354916983
started,bundle,org.eclipse.mylyn.monitor.ui,3.3.2.v20100222-0100-e3x,"org.eclipse.mylyn.monitor.ui",1292354916983
started,bundle,org.eclipse.mylyn.tasks.ui,3.3.2.v20100222-0100-e3x,"org.eclipse.mylyn.tasks.ui",1292354916983
started,bundle,org.eclipse.mylyn.team.ui,3.3.2.v20100222-0100-e3x,"org.eclipse.mylyn.team.ui",1292354916983
started,bundle,org.eclipse.team.core,3.5.1.r35x_20100113-0800,"org.eclipse.team.core",1292354916983
started,bundle,org.eclipse.team.cvs.core,3.3.200.I20090430-0408,"org.eclipse.team.cvs.core",1292354916983
started,bundle,org.eclipse.team.cvs.ui,3.3.202.r35x_20090930-0800,"org.eclipse.team.cvs.ui",1292354916983
started,bundle,org.eclipse.team.ui,3.5.0.I20090430-0408,"org.eclipse.team.ui",1292354916983
started,bundle,org.eclipse.ui,3.5.2.M20100120-0800,"org.eclipse.ui",1292354916983
started,bundle,org.eclipse.ui.console,3.4.0.v20090513,"org.eclipse.ui.console",1292354916983
started,bundle,org.eclipse.ui.editors,3.5.0.v20090527-2000,"org.eclipse.ui.editors",1292354916983
started,bundle,org.eclipse.ui.forms,3.4.1.v20090714_35x,"org.eclipse.ui.forms",1292354916983
started,bundle,org.eclipse.ui.ide,3.5.2.M20100113-0800,"org.eclipse.ui.ide",1292354916983
started,bundle,org.eclipse.ui.intro,3.3.2.v20100111_35x,"org.eclipse.ui.intro",1292354916983
started,bundle,org.eclipse.ui.navigator,3.4.2.M20100120-0800,"org.eclipse.ui.navigator",1292354916983
started,bundle,org.eclipse.ui.navigator.resources,3.4.1.M20090826-0800,"org.eclipse.ui.navigator.resources",1292354916983
started,bundle,org.eclipse.ui.net,1.2.1.r35x_20090812-1200,"org.eclipse.ui.net",1292354916983
started,bundle,org.eclipse.ui.views,3.4.1.M20090826-0800,"org.eclipse.ui.views",1292354916983
started,bundle,org.eclipse.ui.workbench,3.5.2.M20100113-0800,"org.eclipse.ui.workbench",1292354916983
started,bundle,org.eclipse.ui.workbench.texteditor,3.5.1.r352_v20100105,"org.eclipse.ui.workbench.texteditor",1292354916983
started,bundle,org.eclipse.update.configurator,3.3.0.v20090312,"org.eclipse.update.configurator",1292354916983
started,bundle,org.eclipse.update.core,3.2.300.v20090525,"org.eclipse.update.core",1292354916983
started,bundle,org.eclipse.update.scheduler,3.2.200.v20081127,"org.eclipse.update.scheduler",1292354916983
started,bundle,org.eclipse.wst.common.emf,1.1.301.v200908181930,"org.eclipse.wst.common.emf",1292354916983
started,bundle,org.eclipse.wst.common.emfworkbench.integration,1.1.301.v200908101600,"org.eclipse.wst.common.emfworkbench.integration",1292354916983
started,bundle,org.eclipse.wst.common.frameworks,1.1.300.v200904160730,"org.eclipse.wst.common.frameworks",1292354916984
started,bundle,org.eclipse.wst.common.frameworks.ui,1.1.301.v200908101600,"org.eclipse.wst.common.frameworks.ui",1292354916984
started,bundle,org.eclipse.wst.common.modulecore,1.1.301.v201001252130,"org.eclipse.wst.common.modulecore",1292354916984
started,bundle,org.eclipse.wst.common.project.facet.core,1.4.1.v200911141735,"org.eclipse.wst.common.project.facet.core",1292354916984
started,bundle,org.eclipse.wst.jsdt.core,1.0.201.v2010012803,"org.eclipse.wst.jsdt.core",1292354916984
started,bundle,org.eclipse.wst.jsdt.manipulation,1.0.100.v200809240707,"org.eclipse.wst.jsdt.manipulation",1292354916984
started,bundle,org.eclipse.wst.jsdt.ui,1.0.201.v2010012803,"org.eclipse.wst.jsdt.ui",1292354916984
started,bundle,org.eclipse.wst.sse.core,1.1.402.v201001251516,"org.eclipse.wst.sse.core",1292354916984
started,bundle,org.eclipse.wst.validation,1.2.104.v200911120201,"org.eclipse.wst.validation",1292354916984
started,bundle,org.eclipse.wst.web,1.1.301.v200911302230,"org.eclipse.wst.web",1292354916984
started,bundle,org.eclipse.wst.ws.service.policy.ui,1.0.102.v200903070248,"org.eclipse.wst.ws.service.policy.ui",1292354916984
started,bundle,org.eclipse.wst.xml.core,1.1.402.v201001222130,"org.eclipse.wst.xml.core",1292354916984
started,bundle,org.tigris.subversion.clientadapter,1.6.10,"org.tigris.subversion.clientadapter",1292354916984
started,bundle,org.tigris.subversion.subclipse.core,1.6.10,"org.tigris.subversion.subclipse.core",1292354916984
started,bundle,org.tigris.subversion.subclipse.mylyn,3.0.0,"org.tigris.subversion.subclipse.mylyn",1292354916984
started,bundle,org.tigris.subversion.subclipse.ui,1.6.10,"org.tigris.subversion.subclipse.ui",1292354916984
os,sysinfo,,,"win32",1292354917229
arch,sysinfo,,,"x86",1292354917229
ws,sysinfo,,,"win32",1292354917229
locale,sysinfo,,,"en_US",1292354917229
processors,sysinfo,,,"2",1292354917229
java.runtime.name,sysinfo,,,"Java(TM) SE Runtime Environment",1292354917229
java.runtime.version,sysinfo,,,"1.6.0_18-b07",1292354917229
java.specification.name,sysinfo,,,"Java Platform API Specification",1292354917229
java.specification.vendor,sysinfo,,,"Sun Microsystems Inc.",1292354917229
java.specification.version,sysinfo,,,"1.6",1292354917229
java.vendor,sysinfo,,,"Sun Microsystems Inc.",1292354917229
java.version,sysinfo,,,"1.6.0_18",1292354917229
java.vm.info,sysinfo,,,"mixed mode, sharing",1292354917229
java.vm.name,sysinfo,,,"Java HotSpot(TM) Client VM",1292354917229
java.vm.specification.name,sysinfo,,,"Java Virtual Machine Specification",1292354917229
java.vm.specification.vendor,sysinfo,,,"Sun Microsystems Inc.",1292354917229
java.vm.specification.version,sysinfo,,,"1.0",1292354917229
java.vm.vendor,sysinfo,,,"Sun Microsystems Inc.",1292354917229
java.vm.version,sysinfo,,,"16.0-b13",1292354917229
activated,view,org.eclipse.ui.navigator.resources,3.4.1.M20090826-0800,"org.eclipse.ui.navigator.ProjectExplorer",1292354990534
activated,view,org.eclipse.ui.navigator.resources,3.4.1.M20090826-0800,"org.eclipse.ui.navigator.ProjectExplorer",1292354990538
closed,view,org.eclipse.ui,3.5.2.M20100120-0800,"org.eclipse.ui.internal.introview",1292354990568
deactivated,workbench,org.eclipse.ui.workbench,3.5.2.M20100113-0800,"",1292354993872
activated,workbench,org.eclipse.ui.workbench,3.5.2.M20100113-0800,"",1292354994800
closed,workbench,org.eclipse.ui.workbench,3.5.2.M20100113-0800,"",1292354994854
stopped,bundle,org.eclipse.jst.ws.axis.creation.ui,1.0.406.v200903031852,"org.eclipse.jst.ws.axis.creation.ui",1292354995129
stopped,bundle,org.eclipse.jst.ws.axis.consumption.ui,1.0.405.v200901261650,"org.eclipse.jst.ws.axis.consumption.ui",1292354995129
stopped,bundle,org.eclipse.jst.ws.axis.consumption.core,1.0.306.v200810082309,"org.eclipse.jst.ws.axis.consumption.core",1292354995129
stopped,bundle,org.eclipse.jst.ws.axis2.creation.ui,1.0.103.v200807162242,"org.eclipse.jst.ws.axis2.creation.ui",1292354995129
stopped,bundle,org.eclipse.jst.ws.axis2.consumption.ui,1.0.102.v200807232000,"org.eclipse.jst.ws.axis2.consumption.ui",1292354995129
stopped,bundle,org.eclipse.jst.ws.axis2.creation.core,1.0.105.v200901220134,"org.eclipse.jst.ws.axis2.creation.core",1292354995129
stopped,bundle,org.eclipse.jst.ws.axis2.consumption.core,1.0.104.v200810151442,"org.eclipse.jst.ws.axis2.consumption.core",1292354995130
stopped,bundle,org.eclipse.jst.ws.axis2.ui,1.0.302.v200905260749,"org.eclipse.jst.ws.axis2.ui",1292354995130
stopped,bundle,org.eclipse.jst.ws.axis2.core,1.0.104.v200810151442,"org.eclipse.jst.ws.axis2.core",1292354995130
stopped,bundle,org.eclipse.jst.ws.creation.ui,1.0.409.v200911241856,"org.eclipse.jst.ws.creation.ui",1292354995130
stopped,bundle,org.eclipse.jst.ws.consumption.ui,1.1.106.v200911241851,"org.eclipse.jst.ws.consumption.ui",1292354995130
stopped,bundle,org.eclipse.jst.ws.consumption,1.0.408.v200911241817,"org.eclipse.jst.ws.consumption",1292354995130
stopped,bundle,org.eclipse.jst.ws.uddiregistry,1.0.400.v200901261650,"org.eclipse.jst.ws.uddiregistry",1292354995130
stopped,bundle,org.eclipse.jst.ws.ui,1.0.402.v200903111822,"org.eclipse.jst.ws.ui",1292354995130
stopped,bundle,org.eclipse.jst.ws,1.0.407.v200905191120,"org.eclipse.jst.ws",1292354995130
stopped,bundle,org.eclipse.wst.ws.explorer,1.0.408.v200911241806,"org.eclipse.wst.ws.explorer",1292354995130
stopped,bundle,org.eclipse.wst.wsdl.ui,1.2.202.v200904271449,"org.eclipse.wst.wsdl.ui",1292354995130
stopped,bundle,org.eclipse.wst.ws.ui,1.1.100.v200903112221,"org.eclipse.wst.ws.ui",1292354995130
stopped,bundle,org.eclipse.wst.wsi.ui,1.0.500.v200901141851,"org.eclipse.wst.wsi.ui",1292354995130
stopped,bundle,org.eclipse.wst.wsi,1.0.305.v200902181431,"org.eclipse.wst.wsi",1292354995130
stopped,bundle,org.eclipse.wst.ws,1.1.103.v200903111822,"org.eclipse.wst.ws",1292354995130
stopped,bundle,org.eclipse.jst.j2ee.webservice.ui,1.1.300.v200902052230,"org.eclipse.jst.j2ee.webservice.ui",1292354995131
stopped,bundle,org.eclipse.jst.j2ee.webservice,1.1.300.v200901220600,"org.eclipse.jst.j2ee.webservice",1292354995131
stopped,bundle,org.eclipse.wst.ws.parser,1.0.402.v200901220107,"org.eclipse.wst.ws.parser",1292354995131
stopped,bundle,commonj.sdo,2.1.1.v200905221342,"commonj.sdo",1292354995131
stopped,bundle,org.eclipse.datatools.enablement.oda.ws.ui,1.2.2.v201001260400,"org.eclipse.datatools.enablement.oda.ws.ui",1292354995131
stopped,bundle,org.eclipse.datatools.enablement.oda.ws,1.2.2.v201001131420,"org.eclipse.datatools.enablement.oda.ws",1292354995131
stopped,bundle,org.eclipse.wst.wsdl,1.2.2.v200911111930,"org.eclipse.wst.wsdl",1292354995131
stopped,bundle,org.eclipse.wst.wsdl.validation,1.1.402.v200911251542,"org.eclipse.wst.wsdl.validation",1292354995131
stopped,bundle,org.eclipse.wst.xsl.jaxp.debug.ui,1.0.0.v200904240436,"org.eclipse.wst.xsl.jaxp.debug.ui",1292354995131
stopped,bundle,org.eclipse.wst.xsl.ui,1.0.100.v200907172129,"org.eclipse.wst.xsl.ui",1292354995131
stopped,bundle,org.eclipse.wst.xml.xpath.ui,1.0.0.v200904240436,"org.eclipse.wst.xml.xpath.ui",1292354995131
stopped,bundle,org.eclipse.wst.xsl.debug.ui,1.0.0.v200904240436,"org.eclipse.wst.xsl.debug.ui",1292354995131
stopped,bundle,org.eclipse.wst.xsl.jaxp.launching,1.0.0.v200904240436,"org.eclipse.wst.xsl.jaxp.launching",1292354995131
stopped,bundle,org.eclipse.wst.xsl.launching,1.0.0.v200904241348,"org.eclipse.wst.xsl.launching",1292354995131
stopped,bundle,org.eclipse.wst.xsl.core,1.0.1.v200908101420,"org.eclipse.wst.xsl.core",1292354995131
stopped,bundle,org.eclipse.datatools.enablement.oda.xml.ui,1.2.1.v201001191820,"org.eclipse.datatools.enablement.oda.xml.ui",1292354995132
stopped,bundle,org.eclipse.datatools.enablement.oda.xml,1.2.1.v201001151620,"org.eclipse.datatools.enablement.oda.xml",1292354995132
stopped,bundle,com.google.appengine.eclipse.sdkbundle.1.3.2,1.3.2.v201003242055,"com.google.appengine.eclipse.sdkbundle.1.3.2",1292354995132
stopped,bundle,com.google.gdt.eclipse.suite,1.3.2.v201003242055,"com.google.gdt.eclipse.suite",1292354995132
stopped,bundle,com.google.appengine.eclipse.core,1.3.2.v201003242055,"com.google.appengine.eclipse.core",1292354995132
stopped,bundle,com.google.gwt.eclipse.sdkbundle.2.0.3,2.0.3.v201002191036,"com.google.gwt.eclipse.sdkbundle.2.0.3",1292354995132
stopped,bundle,com.google.gwt.eclipse.core,1.3.2.v201003242055,"com.google.gwt.eclipse.core",1292354995303
stopped,bundle,com.google.gwt.eclipse.oophm,1.3.2.v201003242055,"com.google.gwt.eclipse.oophm",1292354995303
stopped,bundle,com.google.gdt.eclipse.core,1.3.2.v201003242055,"com.google.gdt.eclipse.core",1292354995303
stopped,bundle,com.google.gdt.eclipse.platform,1.3.2.v201003242055,"com.google.gdt.eclipse.platform",1292354995303
stopped,bundle,com.google.gdt.eclipse.platform.e35,1.3.2.v201003242055,"com.google.gdt.eclipse.platform.e35",1292354995303
stopped,bundle,org.eclipse.jst.jsf.apache.trinidad.tagsupport,1.1.0.v20090525,"org.eclipse.jst.jsf.apache.trinidad.tagsupport",1292354995303
stopped,bundle,org.eclipse.jst.jsf.facesconfig.ui,1.1.6.v20100203,"org.eclipse.jst.jsf.facesconfig.ui",1292354995303
stopped,bundle,org.eclipse.jst.jsf.ui,1.2.3.v201001271707,"org.eclipse.jst.jsf.ui",1292354995303
stopped,bundle,org.eclipse.jst.pagedesigner.jsf.ui,1.1.4.v20100203,"org.eclipse.jst.pagedesigner.jsf.ui",1292354995304
stopped,bundle,org.eclipse.jst.pagedesigner,1.2.3.v20100211,"org.eclipse.jst.pagedesigner",1292354995304
stopped,bundle,org.eclipse.jst.jsf.core,1.2.5.v201001271707,"org.eclipse.jst.jsf.core",1292354995304
stopped,bundle,org.eclipse.jst.jsf.common.ui,1.1.1.v20081209,"org.eclipse.jst.jsf.common.ui",1292354995304
stopped,bundle,org.eclipse.jst.jsf.standard.tagsupport,1.1.205.v201002101327,"org.eclipse.jst.jsf.standard.tagsupport",1292354995304
stopped,bundle,org.eclipse.jst.pagedesigner.jsp.core,1.1.3.v201002111131,"org.eclipse.jst.pagedesigner.jsp.core",1292354995304
stopped,bundle,org.eclipse.jst.jsf.common,1.1.9.v201001271707,"org.eclipse.jst.jsf.common",1292354995304
stopped,bundle,org.eclipse.wst.jsdt.web.support.jsp,1.0.200.v200904140255,"org.eclipse.wst.jsdt.web.support.jsp",1292354995304
stopped,bundle,org.eclipse.jst.jsp.ui,1.1.401.v200908111935,"org.eclipse.jst.jsp.ui",1292354995304
stopped,bundle,org.eclipse.jst.jsp.core,1.2.204.v201001270045,"org.eclipse.jst.jsp.core",1292354995304
stopped,bundle,org.eclipse.wst.jsdt.web.ui,1.0.201.v2010012803,"org.eclipse.wst.jsdt.web.ui",1292354995304
stopped,bundle,org.eclipse.jpt.eclipselink.ui,1.2.0.v200905310000,"org.eclipse.jpt.eclipselink.ui",1292354995304
stopped,bundle,org.eclipse.jpt.ui,2.2.2.v200911250220,"org.eclipse.jpt.ui",1292354995304
stopped,bundle,org.eclipse.jst.j2ee.ejb.annotations.ui,1.1.102.v200805140020,"org.eclipse.jst.j2ee.ejb.annotations.ui",1292354995305
stopped,bundle,org.eclipse.jst.ejb.ui,1.1.301.v200908131325,"org.eclipse.jst.ejb.ui",1292354995305
stopped,bundle,org.eclipse.jst.servlet.ui,1.1.301.v200908101600,"org.eclipse.jst.servlet.ui",1292354995305
stopped,bundle,org.eclipse.jst.jee.ui,1.0.201.v201002021208,"org.eclipse.jst.jee.ui",1292354995305
stopped,bundle,org.eclipse.jst.j2ee.navigator.ui,1.1.301.v201001252130,"org.eclipse.jst.j2ee.navigator.ui",1292354995305
stopped,bundle,org.eclipse.jst.j2ee.jca.ui,1.1.300.v200809052300,"org.eclipse.jst.j2ee.jca.ui",1292354995305
stopped,bundle,org.eclipse.jst.j2ee.ui,1.1.301.v201001252130,"org.eclipse.jst.j2ee.ui",1292354995305
stopped,bundle,org.eclipse.wst.web.ui,1.1.301.v201001252130,"org.eclipse.wst.web.ui",1292354995305
stopped,bundle,org.eclipse.wst.html.ui,1.0.401.v200908111935,"org.eclipse.wst.html.ui",1292354995305
stopped,bundle,org.eclipse.wst.css.ui,1.0.401.v200907171457,"org.eclipse.wst.css.ui",1292354995305
stopped,bundle,org.eclipse.wst.jsdt.web.core,1.0.201.v201001221931,"org.eclipse.wst.jsdt.web.core",1292354995305
stopped,bundle,org.eclipse.wst.html.core,1.1.300.v200903120608,"org.eclipse.wst.html.core",1292354995305
stopped,bundle,org.eclipse.wst.css.core,1.1.301.v200910161432,"org.eclipse.wst.css.core",1292354995305
stopped,bundle,org.eclipse.jpt.eclipselink.core,1.2.0.v200905310000,"org.eclipse.jpt.eclipselink.core",1292354995305
stopped,bundle,org.eclipse.jpt.core,2.2.1.v200908270220,"org.eclipse.jpt.core",1292354995306
stopped,bundle,org.eclipse.jst.j2ee.xdoclet.runtime,1.1.102.v200805140135,"org.eclipse.jst.j2ee.xdoclet.runtime",1292354995307
stopped,bundle,org.eclipse.jst.j2ee.ejb.annotations.xdoclet,1.2.0.v200805140020,"org.eclipse.jst.j2ee.ejb.annotations.xdoclet",1292354995307
stopped,bundle,org.eclipse.jst.j2ee.ejb.annotations.emitter,1.1.102.v200805140135,"org.eclipse.jst.j2ee.ejb.annotations.emitter",1292354995307
stopped,bundle,org.eclipse.jst.j2ee.ejb.annotation.model,1.1.102.v200805140020,"org.eclipse.jst.j2ee.ejb.annotation.model",1292354995307
stopped,bundle,org.eclipse.jst.jee.ejb,1.0.201.v201002021057,"org.eclipse.jst.jee.ejb",1292354995307
stopped,bundle,org.eclipse.jst.j2ee.ejb,1.1.301.v201001252130,"org.eclipse.jst.j2ee.ejb",1292354995307
stopped,bundle,org.eclipse.jst.jee.web,1.0.201.v201002031231,"org.eclipse.jst.jee.web",1292354995307
stopped,bundle,org.eclipse.jst.j2ee.web,1.1.301.v200911302230,"org.eclipse.jst.j2ee.web",1292354995307
